Dataset,RMSE,MAE,R²,Epochs,Tier,EigRecov
Synthetic_ODE,55.93110275268555,42.04446029663086,0.2849857235361871,75,small,0.009734639568061152
